id,name,age,gender,city
1,Onofredo Bragg,27,Male,Hengxi
2,Tally Zeal,25,Female,Lyski
3,Sioux Zoephel,25,Female,Yongchang
4,Brion Greenhowe,41,Male,Södra Sandby
5,Jourdain Smitton,51,Male,Eguia
6,Hunfredo Wedderburn,57,Male,Chowṉêy
7,Karrie Quested,29,Female,Taquarituba
8,Ola Beardow,47,Female,San Miguel
9,Trescha Littleover,44,Female,Kitchener
10,Louella Huckfield,48,Female,Karabash
11,Ignaz Wixon,52,Male,Honghua’erji
12,Ahmad Frensch,61,Male,Lyubim
13,Em Minter,51,Female,Karang Kulon
14,Emmalyn Demangeon,63,Female,Garoua Boulaï
15,Christoforo Chauvey,27,Male,Campinho
16,Virgie Duckels,22,Male,Ōdate
17,Netti Craven,44,Female,Verkhniy Lomov
18,Rana Nowakowski,65,Female,Semang
19,Yvon McCloch,31,Male,Wassa-Akropong
20,Maryanna Coppenhall,19,Female,Mindupok
21,Minny Eouzan,49,Female,Dueñas
22,Marlo Tatton,75,Female,Bălţi
23,Ellis Seine,72,Male,Wates
24,Thatcher Sutherby,39,Male,Rosetta
25,Willem Steers,63,Male,Skrunda
26,Percy Durant,46,Male,Watrous
27,Cordula Culley,39,Female,Kīsh
28,Denis Iorio,64,Male,Ditang
29,Loren Nelsey,71,Female,Padangcermin
30,Matthaeus Horwell,75,Male,Granada
31,Etty Sharratt,20,Female,Gložan
32,Lula Bustin,20,Female,Íquira
33,Korie Messier,17,Female,Debrecen
34,Cherida Warwick,47,Female,Doljo
35,Ebonee Gatrell,32,Female,Succha
36,Neel Kollas,49,Male,Lycksele
37,Ingra Bolte,49,Male,Brejieira
38,Teirtza Lisciandro,56,Female,Oshnavīyeh
39,Reidar Vicarey,19,Male,Loa Janan
40,Vaughan De Bernardis,23,Male,Fuhai
41,Gayle Gristhwaite,50,Male,Chuquitira
42,Berny Arnau,42,Male,São Vicente de Ferreira
43,Chaddie Hobden,40,Male,Krajan Winong
44,Lydon Janeway,16,Male,Long Loreh
45,Bucky Trever,73,Male,Phú Khương
46,Marysa Lowery,67,Female,Zhvanets
47,Zaria O'Sharkey,54,Female,Września
48,Petra Broom,39,Female,Fovissste
49,Ruddie Tesche,46,Male,Salvacion
50,Loy Elgood,55,Male,Hamanoichi
51,Frannie Leblanc,56,Male,Sertãozinho
52,Conni Daviddi,64,Female,New York City
53,Lisette Ludlamme,55,Female,Caldas Novas
54,Herby Dicker,69,Male,Soledad
55,Austine Ruggieri,54,Female,Tiling
56,Parrnell Kitteridge,30,Male,Dibulla
57,Fanchon Rosewell,51,Female,San Narciso
58,Kelwin Hastwall,41,Male,Yanglinqiao
59,Adey Francillo,40,Female,Karangtengah
60,Marve Daal,61,Male,Amagasaki
61,Nappy Kenworthey,58,Male,Duluth
62,Ricard Antusch,34,Male,Tuba
63,Annis McGarahan,30,Female,San Marcos
64,Kane Lancaster,56,Male,Kondinskoye
65,Neale Rolley,16,Male,Cibolek Kidul
66,Brittani Zeal,40,Female,Battung
67,Cross Lapish,44,Male,Leran Kulon
68,Antony Bum,68,Male,Khagrachhari
69,Desmond Ubsdale,75,Male,Bom Jesus da Lapa
70,Brandi Foxten,16,Female,Dongfanghong
71,Tucker Davson,65,Male,Koceljeva
72,Lenee Yankov,64,Female,Tianbao
73,Rodney Jodkowski,64,Male,Washington
74,Ingaborg Barrell,56,Female,Littleton
75,Agosto Scorey,61,Male,Duyure
76,Locke Carpmile,42,Male,Denver
77,Dale Pidgeley,15,Female,Ojos de Agua
78,Stanwood Deighton,71,Male,Cherryville
79,Tallulah Kief,23,Female,Donskoye
80,Langston Abercrombie,63,Male,Shebekino
81,Theodora Dickerline,58,Female,San Juan
82,Mallorie Shacklady,59,Female,Lanat
83,Melesa Figin,54,Female,Beishan
84,Carleton Duplain,63,Male,Dongdong
85,Hobart Conneely,49,Male,Lavras da Mangabeira
86,Giffy Ramey,64,Male,Hushan
87,Misha Berndtsson,36,Female,Volkhovskiy
88,Lizbeth Fasset,39,Female,Naberera
89,Hasty Manis,24,Male,Mārupe
90,Brant Stanbra,27,Male,Ciekek
91,Ruddie Pridding,61,Male,Doug An
92,Neils Lukas,69,Male,Mariara
93,Jacki Mabley,66,Female,Bangonay
94,Fayina Highwood,57,Female,Mutengene
95,Marylou Carberry,43,Female,Banjar Tibubiyu Kaja
96,Rhoda Iacovides,62,Female,Bolesławiec
97,Zach Merrell,73,Male,Catalão
98,Ulrick Dragge,49,Male,Marcos
99,Saul Howgate,48,Male,Zhenzhushan
100,Ailis Heball,54,Female,Latowicz
101,Kati Snoxall,20,Female,Wolongquan
102,Leonore Tuxwell,46,Female,Xiaojiangba
103,Maryanna Boord,71,Female,Fīrūzābād
104,Helli Mungane,56,Female,Panitian
105,Fanni Lankham,61,Female,Borodino
106,Morgen Rubinowitz,34,Male,Torre de Moncorvo
107,Donia Rusling,31,Female,Ituzaingó
108,Logan Gagen,39,Male,Miyazu
109,Stephanus Kinnett,55,Male,Wuxing
110,Anna-maria Baldrick,21,Female,Novobiryusinskiy
111,Moe Romei,69,Male,Santa Clara
112,Christabella Cancellario,40,Female,Jinniu
113,Peirce Coldridge,15,Male,Batasan
114,Shawnee Nizet,40,Female,Kholbon
115,Korie Bothen,50,Female,Bendilwungu Lor
116,Nadiya Ellwand,52,Female,Songkan
117,Ilyse Spearman,38,Female,Bergen op Zoom
118,Vite Retchford,43,Male,Luobei
119,Olimpia Liebermann,16,Female,Cachadinha
120,Desirae Trevethan,37,Female,Hongwei
121,Bryn Bygrove,44,Female,Ulsan
122,Darn Nodin,39,Male,Sadananya
123,Benjy Ohms,47,Male,Lelydorp
124,Wyn Folk,43,Male,Tambakmerak
125,Reed Boteman,72,Male,Kabardinka
126,Jodie Le-Good,29,Female,Zongga
127,Jaquith Staniford,36,Female,Guantang
128,Skipp Bowcock,20,Male,Hultsfred
129,Maurice Harpur,25,Male,Al ‘Ashshah
130,Olenka Crudgington,44,Female,Winterthur
131,Gordie Buswell,36,Male,Avallon
132,Flory Workman,41,Male,Camalote
133,Dell Snoddon,31,Female,Göteborg
134,Ana Llorente,41,Female,Ryazan’
135,Kendre Hayer,61,Female,Klina
136,Sigismond Hothersall,54,Male,Kayangel
137,Farley Collip,15,Male,Verkhnyaya Belka
138,Avrom Willimont,69,Male,Houston
139,Barby Freezer,18,Female,Vysočany
140,Alfonse Louedey,60,Male,Divnoye
141,Ricardo Burlingame,44,Male,Sanjiang
142,Desi Rodd,26,Male,Tha Luang
143,Edi Dyott,18,Female,Betong
144,Langsdon Rosling,71,Male,Machakos
145,Jamal Hadwick,55,Male,Lichengdao
146,Lancelot Henderson,16,Male,Estoril
147,Sayre Dorian,54,Male,Wonopringgo
148,Merla McCorley,28,Female,El Corozo
149,Olly Jennery,31,Female,San Ramón
150,Alf Angeau,16,Male,Roma
151,Biddie Vell,57,Female,Tuncheng
152,Layla Hacun,70,Female,Shinao
153,Kenn Eyckelbeck,32,Male,Guruyan
154,Rupert Ummfrey,69,Male,Kokagax
155,Frankie Ruzic,67,Male,Baltimore
156,Lucie Merrigan,32,Female,Jāwā
157,Melodee Gorgl,32,Female,Agrela
158,Abdul Paudin,36,Male,Tilcara
159,Tobit Buckerfield,70,Male,Bantilan
160,Claudie McNeigh,50,Female,Osby
161,Roscoe Tattersdill,38,Male,Metchosin
162,Cort Weigh,50,Male,Cullhuas
163,Oberon Monckman,25,Male,Morinville
164,Rock McGirr,32,Male,Kawanishi
165,Adele Cornilli,22,Female,Andalucía
166,Maybelle Hain,56,Female,Santa Ana
167,Abram Flear,31,Male,Courelas Bravas
168,Stuart Rivallant,69,Male,Chayek
169,Eleanor Kincey,28,Female,Desē
170,Ernest Sedcole,15,Male,Dindima
171,Madelene Verriour,24,Female,Ndjolé
172,Maximilian Thirlaway,55,Male,Jaroměřice
173,Blakeley Endricci,40,Female,Huilelot
174,Aron Bucktrout,36,Male,Buray
175,Jacob Igounet,42,Male,Waiwejak
176,Thom Camin,69,Male,Stockholm
177,Annabal Teague,55,Female,Dongning
178,Edwin Forson,62,Male,Thiès Nones
179,Perkin Maso,57,Male,Al ‘Aqabah
180,Melina Stobo,42,Female,Dumalneg
181,Beatrix Buckingham,32,Female,Sørvágur
182,Rani Dudson,26,Female,Calasgasan
183,Georgi Scotchmur,45,Male,Katori-shi
184,Mattias Kennifick,51,Male,Tuchola
185,Wilbur Tomaschke,71,Male,Nieuw Nickerie
186,Lucia Meakes,42,Female,Ilama
187,Torin Teodorski,17,Male,Banqiao
188,Ailis Paull,28,Female,Pingtang
189,Corly Weightman,59,Female,Arnhem
190,Junie Cookney,25,Female,Jembe Timur
191,Doreen Gillfillan,41,Female,Oyo
192,Kirby Salsbury,17,Female,Tsagaan-Olom
193,Dina Aireton,17,Female,Kolno
194,Astrix Guenther,65,Female,Daigo
195,Matthieu Von Hindenburg,68,Male,Shaoguan
196,Sapphira Moxley,25,Female,Fak Tha
197,Lainey Ellaman,25,Female,Bogorodskoye
198,Lorraine Dedrick,24,Female,Meiyuan Xincun
199,Alexei Vassano,64,Male,Daugai
200,Lorelle Lindenstrauss,24,Female,Dobje pri Planini
201,Juliana Massard,54,Female,Tangshan
202,Rheba Aggio,66,Female,Tarata
203,Valentino Viste,63,Male,Qiancheng
204,Pierce Henworth,55,Male,Karjalohja
205,Huey Prine,75,Male,Vodstroy
206,Vincenz Sillett,29,Male,Parczew
207,Rosella Scutter,24,Female,Fonte
208,Karlis Hasted,59,Male,Kalmunai
209,Lorne Fanner,66,Male,Kesha
210,Erich Reitenbach,53,Male,Al Qiţena
211,Doralin Brandts,16,Female,El Olivar
212,Hoyt Goble,37,Male,Banjar Kampungbugis
213,Chuck Jessett,24,Male,Thị Trấn Mường Tè
214,Farah Reubel,55,Female,Siliana
215,Herculie O'Nions,52,Male,San Ignacio de Tupile
216,Loree Austwick,75,Female,Famagusta
217,Jeremie Cossam,33,Male,Ronneby
218,Andrej Sailor,22,Male,Kangani
219,Barr Leatherland,49,Male,Banjar Kubu
220,Thatch D'Arrigo,39,Male,Tomarovka
221,Chrisse Crackel,41,Male,Oyam
222,Carolynn Wetwood,30,Female,Khisarya
223,Hugh Gogarty,42,Male,Dziadkowice
224,Ree Groombridge,47,Female,Tromsø
225,Tedmund Vaun,75,Male,Porto Martins
226,Lyssa Lerwill,47,Female,Montecillo
227,Addia Seater,55,Female,Mahekou
228,Clarey Willshear,34,Female,Veiros
229,Philbert Hub,54,Male,Mont-Tremblant
230,Mirabella Capper,50,Female,Skaudvilė
231,Karlan Divall,22,Male,Maopingchang
232,Raphaela Buggs,24,Female,Arcangel
233,Fedora Pocklington,25,Female,Pawak
234,Billie Biesty,69,Female,Khu Khan
235,Dolli Tenaunt,38,Female,Tapakrejo
236,Rachael Alpes,65,Female,Želetava
237,Lea Eames,68,Female,Pau
238,Ashbey Huddleston,26,Male,Becerril
239,Kara-lynn Cammell,73,Female,Kỳ Anh
240,Roderick Aslet,21,Male,Dogarmo
241,Raddy Rought,20,Male,Donggu
242,Pietro Undrell,31,Male,Āzādshahr
243,Bryant Westfield,64,Male,Corinto
244,Melba Veltman,39,Female,Bangeran
245,Bayard Bramo,41,Male,Punta Arenas
246,Rosetta Silman,23,Female,Motupe
247,Holly-anne Colleran,17,Female,Parral
248,Kimmie Laity,63,Female,Quiruvilca
249,Candra Lamba,23,Female,Firavitoba
250,Chrotoem Cristofaro,20,Male,Pueblo Nuevo
251,Frazier Sturridge,50,Male,Buyant
252,Pauly Gartenfeld,74,Male,Sanxi
253,Billie Crossthwaite,32,Female,Uppsala
254,Kinnie Flaonier,62,Male,Skulsk
255,Licha Philippe,71,Female,Kuching
256,Yule MacVay,31,Male,Castres
257,Frederica Ferrarello,43,Female,Rantauambacang
258,Ulla Whiteley,34,Female,Magadan
259,Halimeda Kitto,54,Female,Chaem Luang
260,Paul Spracklin,55,Male,Tongjing
261,Enrique Hasnney,73,Male,Manzil Bū Zalafah
262,Neala Gamlin,16,Female,Oslo
263,Maddi Spaduzza,19,Female,Linköping
264,Claudetta Jurkiewicz,69,Female,Uglyanets
265,Thorsten Boucher,54,Male,Ichinohe
266,Urbano Bendell,47,Male,Tuscaloosa
267,Noreen Cesco,38,Female,Sepekov
268,Cirstoforo Cane,17,Male,Yinjiacheng
269,Rolando Mc Elory,61,Male,Vänersborg
270,Cort Kase,50,Male,Chuarrancho
271,Chery Congrave,61,Female,Kedungtulup
272,Northrup Nannizzi,60,Male,Granard
273,Edithe O'Halloran,47,Female,Baluk
274,Paxton Francombe,71,Male,Zalewo
275,Worthington Connue,43,Male,La Fortuna
276,Margret Vidyapin,19,Female,Xiehu
277,Eamon Bedle,56,Male,Cibinong
278,Chrotoem Pontefract,46,Male,San Jose
279,Jimmy Offill,72,Male,Los Pinos
280,Constantino Elven,18,Male,Brooklyn
281,Moyra Blaydon,19,Female,Villefranche-sur-Saône
282,Ernest Nuscha,64,Male,Taipinghu
283,Myrna Poulglais,52,Female,Lalapanzi
284,Gerianna Thatcher,27,Female,Fankeng
285,Obadiah Weins,73,Male,Puan
286,Aurore McGall,33,Female,Itoigawa
287,Dominique Macklam,19,Male,Xarardheere
288,Kerry Matushenko,27,Female,Tierimu
289,Smith Ellings,75,Male,Vinhas
290,Aurlie Local,72,Female,Dasanlian Lauk
291,Isadore Aurelius,45,Male,Santa Rosa
292,Neddy Yuryichev,43,Male,Banyupoh
293,Devonna Rockwell,50,Female,Cihaur
294,Janela Ickov,44,Female,Cape Town
295,Shep Cavil,53,Male,Guimarães
296,Chuck Loseby,40,Male,Mitry-Mory
297,Pansie Palatini,56,Female,Littleton
298,Diandra Dowty,42,Female,Lestijärvi
299,Haslett Calltone,42,Male,Chon Buri
300,Merna Anfusso,64,Female,União dos Palmares
301,Maxie Peach,17,Male,Catriel
302,Carine Jannasch,57,Female,Umeå
303,Den Errigo,22,Male,Hezuoqiao
304,Decca Tant,67,Male,Kokkári
305,Danya Dimont,36,Male,Longtang
306,Tully Ortzen,47,Male,Dalumangcob
307,Lisha Panks,68,Female,Husów
308,Cynde Vasilik,19,Female,Lixin
309,Kanya Beau,32,Female,Metz
310,Noby Perico,51,Male,Radocza
311,Ajay Haborn,58,Female,Lewoduli
312,Marty Longfield,58,Male,Lete
313,Nikkie Jaffa,65,Female,Ljungby
314,Irv Dodamead,39,Male,Yanghong
315,Kingston Knighton,18,Male,Sorang
316,Letti O'Neary,46,Female,Valašská Polanka
317,Augusto Lettice,58,Male,Vänersborg
318,Hewett Painswick,39,Male,Gatesville
319,Reuven Cargill,34,Male,Lelydorp
320,Peggie Bwy,21,Female,Yancheng
321,Ogdon McClaughlin,25,Male,Owerri
322,Nannette Keelan,18,Female,Hayes
323,Sonny Maxsted,54,Male,Buyant
324,Vinnie Moyle,63,Male,Grand Rapids
325,Sanson Writtle,55,Male,Longping
326,Annetta Scranedge,65,Female,Longxing
327,Aida Simm,29,Female,Turośń Kościelna
328,Chris Slator,19,Female,Haifa
329,Haze Tinsley,38,Male,Krajan Dua Putukrejo
330,Abbey Lambertini,28,Male,Chatou
331,Janos Jewess,32,Male,Sukonolo Krajan
332,Ellswerth Coorington,23,Male,Perstorp
333,Tabby Perschke,25,Male,Oklahoma City
334,Hallsy Godbold,31,Male,Hōjō
335,Gretchen Kopfen,36,Female,Vale de Figueira
336,Gelya Dillingston,70,Female,Ibirama
337,Denna Hughs,61,Female,Bagay
338,Arlie Laurentino,63,Female,Tsementnozavodskiy
339,Val Eudall,43,Male,Wufeng
340,Lazarus Sproule,52,Male,Giồng Riềng
341,Michale Odgaard,30,Male,Luqa
342,Glyn Lambot,56,Female,Bantay
343,Mendel Patington,36,Male,Banshu
344,Elmira Joslin,21,Female,Ebene
345,Tomas Wisdish,36,Male,Mbalmayo
346,Justinn Beevor,64,Female,Seseng
347,Dulcia Stuke,38,Female,Yangjian
348,Findlay McKomb,70,Male,Maquiapo
349,Gaspar Dansey,74,Male,San Clemente
350,Betsey Androletti,21,Female,Lisovi Sorochyntsi
351,Jed Pabel,21,Male,Tilcara
352,Thaxter Dimitriou,17,Male,Baiguo
353,Hendrick Luisetti,26,Male,Ketapang
354,Barbara Hayford,15,Female,Minneapolis
355,Chaddie Currington,49,Male,Santo Domingo
356,Helenelizabeth Steffens,16,Female,Dolní Černilov
357,Joannes Squier,73,Female,Lere
358,Joel Freshwater,69,Male,Przeworsk
359,Henri Parysiak,15,Male,Marignane
360,Kesley Wallis,54,Female,Vällingby
361,Kelly Brodhead,47,Male,Zhigong
362,Roselin Lodovichi,47,Female,San Vicente
363,Lazare Cubbini,48,Male,Capatárida
364,Fairleigh Hannabuss,46,Male,Kudymkar
365,Brade Hurdwell,53,Male,Camingawan
366,Trever Guyton,60,Male,Pokhara
367,Tildy Golton,48,Female,Lexington
368,Emerson Rubinowicz,63,Male,Sindangsari
369,Biron Iddy,53,Male,Pak Phanang
370,Wells Elsmore,64,Male,Nanshi
371,Colin Pervew,39,Male,Hamburg Bramfeld
372,Niki Jammet,75,Male,Thủ Thừa
373,Hagen Bleakman,30,Male,Cruz
374,Alford Pallesen,31,Male,Luoqi
375,Valry Rudyard,31,Female,Novi Šeher
376,Aleta Micallef,62,Female,Kuhmalahti
377,Giffie Frankcom,41,Male,Fleury-les-Aubrais
378,Rorke Henken,53,Male,Partille
379,Hermy Krinks,55,Male,Rentung
380,Bjorn MacPaik,65,Male,Coloncito
381,Gard Kubica,53,Male,Pruzhany
382,Betteanne Gravie,60,Female,Tours
383,Torin Shew,36,Male,Jinping
384,Garrott Bartram,42,Male,Xijiao
385,Laurie Marquiss,31,Female,Dayong
386,Colet Iacoviello,53,Male,Metz
387,Myra Gate,66,Female,Gulyantsi
388,Kirsti Gilfoy,30,Female,Przeworsk
389,Arney Lovitt,37,Male,Río Segundo
390,Candace Trew,47,Female,Sobang
391,Regan Mellenby,28,Female,Hengelo
392,Corella Galtone,37,Female,Araucária
393,Neale Ende,29,Male,Krasnotorka
394,Garrott Glyn,17,Male,Xiejiaya
395,Daisy Eskell,53,Female,Suna
396,Elfie Charrisson,46,Female,Anjozorobe
397,Cly Pendrich,23,Male,Omoa
398,Nevin Hamby,74,Male,Velyka Pysarivka
399,Hedwiga Menere,35,Female,Chýnov
400,Rhetta Guite,48,Female,Jiangkou
401,Andras Temblett,43,Male,Erniusuokou
402,Vivyanne Konig,69,Female,Gongji
403,Kimbell Moodycliffe,46,Male,Tatarka
404,Thorndike Emmines,43,Male,Nossa Senhora de Machede
405,Puff Targett,68,Male,Remscheid
406,Jennilee Rambaut,32,Female,Miratejo
407,Madalena Widdowson,44,Female,Salzburg
408,Rianon Cardwell,35,Female,Kyŏngsŏng
409,Rudy Filipchikov,29,Male,Lampitak
410,Lazarus Caps,58,Male,Ust’-Omchug
411,Horace Potkins,52,Male,San Vicente
412,Welch Hardiker,54,Male,Nabeul
413,Rheba Hacket,21,Female,Älvdalen
414,Kristina McFee,67,Female,Pawitan
415,Bevan Gilford,43,Male,Burträsk
416,Derrick Currey,69,Male,Quşrah
417,Harp Terese,26,Male,Dallas
418,Lilly Goggey,56,Female,Jiangkou
419,Bibbye Palumbo,52,Female,Pasrūr
420,Waylan Stoile,19,Male,Pariti
421,Caren Pavek,24,Female,Genet
422,Lurette Otteridge,44,Female,Beilun
423,Granny Budden,49,Male,Afántou
424,Leonardo Parlett,33,Male,Shuanghe
425,Merilee Kimble,32,Female,Bahāwalpur
426,Jocelyn Ryall,30,Female,Vawkavysk
427,Barbey Gwilliam,62,Female,Itabaiana
428,Marshal Hambelton,69,Male,Palmar de Varela
429,Blanch Hundell,19,Female,Guzhuyingzi
430,Florina Habbal,56,Female,Linao
431,Westley Deverille,27,Male,Ágios Andréas
432,Marlin Letrange,52,Male,Kahuripan
433,Bret Mellsop,50,Male,Mahaplag
434,Barnabe Willeman,47,Male,Vaulx-en-Velin
435,Allina Pringley,52,Female,Goma
436,Leroy Jeduch,53,Male,Ono
437,Abdul Dillaway,37,Male,Bolderaja
438,Rochester Worsnap,52,Male,Chyhyryn
439,Morissa Lealle,74,Female,Mougins
440,Wayland Wickardt,30,Male,San Felipe
441,Kenn Voysey,40,Male,Bao’an
442,Bayard Sacker,59,Male,Lodwar
443,Emmit Stabler,63,Male,Akat Amnuai
444,Rhody Seldon,31,Female,Obninsk
445,Saxon GiacobbiniJacob,30,Male,Bandarbeyla
446,Barde England,66,Male,20 de Noviembre
447,Kial Moodycliffe,15,Female,Zharrëz
448,Devlen Botger,48,Male,Safi
449,Basilio McCook,73,Male,Cristalina
450,Tony Klammt,40,Female,Onueke
451,Ignaz Esson,30,Male,Junín
452,Clevey Annell,16,Male,Saint-Amand-les-Eaux
453,Nathanil Farny,43,Male,Charleston
454,Brucie Langtree,66,Male,Cimalati
455,Ange Ronaghan,48,Male,La Mesa
456,Deedee Bradder,48,Female,Motge
457,Paige St Quenin,25,Male,Wenlin
458,Feodor De Rye Barrett,29,Male,Krasyliv
459,Rowan Pirkis,66,Male,Katsina
460,Ed Tweedy,23,Male,Angered
461,Robin Bowditch,57,Female,Caticugan
462,Scarlett Schutze,64,Female,Kabaty
463,Mada Witchell,37,Female,Telsen
464,Tony Conre,34,Female,Studenec
465,Gregoire Allmark,20,Male,Nansha
466,Serge Danielou,39,Male,Tutup
467,Genevra Roycroft,74,Female,Lameira
468,Gino Bolus,17,Male,Palamadu
469,Avery Willgoose,31,Male,Champagnole
470,Ward Titlow,29,Male,Mölndal
471,Joey McKeand,44,Female,Putrajaya
472,Aloysia Barnish,57,Female,Bitung
473,Honey Jenteau,69,Female,Al Karmil
474,Lucais Causer,49,Male,Pedra Furada
475,Aristotle Mosby,25,Male,Fier-Çifçi
476,Marc Barrett,20,Male,Huddinge
477,Ximenes Seedhouse,30,Male,Esquipulas
478,Jerri Burchmore,44,Male,Denton
479,Antonina Riccardini,31,Female,Chaplygin
480,Andree Persitt,33,Female,Kontiolahti
481,Elias Newtown,42,Male,Yarmolyntsi
482,Sidonnie Durrant,15,Female,Cajazeiras
483,Marco Rhodef,49,Male,Colegiales
484,Shawna O'Caherny,33,Female,Liliba
485,Haleigh Leman,28,Male,Lavandeira
486,Nonna Locke,54,Female,Xiekou
487,Ethelin Boxill,42,Female,Miami
488,Arnaldo Alleway,39,Male,Adh Dhayd
489,Caryl Banger,59,Male,Concepcion
490,Klara Petran,33,Female,Kudang
491,Burl McGaugey,48,Male,Shunling
492,Cahra Rival,55,Female,Natal
493,Catina Soutar,43,Female,Gaojiabu
494,Jessey St Ange,27,Male,Stockholm
495,Renault Brinicombe,71,Male,Ziyang Chengguanzhen
496,Dorian Dwine,56,Female,Steinkjer
497,Ashla Truesdale,73,Female,Mopipi
498,Keir Coldwell,62,Male,Waterloo
499,Rawley O'Looney,24,Male,Saint Louis
500,Barton Stanfield,45,Male,Oodweyne
501,Shep Sefton,74,Male,Latowicz
502,Malchy Castletine,21,Male,Luokou
503,Sharline McAllaster,32,Female,Habry
504,Itch Dearlove,27,Male,Namling
505,Norrie Willan,56,Female,Lab
506,Giuditta Goodband,75,Female,Campo Grande
507,Almira Buse,29,Female,Boldumsaz
508,Hilario Mattson,49,Male,Babakanjaya
509,Kira Woollends,71,Female,Piskavica
510,Culver Littleover,24,Male,Koramlik
511,Pip Cromblehome,31,Male,Youlan
512,Rogers Grigorini,41,Male,Fojo
513,Rae Kittless,65,Female,Curpahuasi
514,Lalo Colrein,71,Male,Tabunok
515,Sterne Rides,33,Male,Al ‘Alamayn
516,Alexia Thow,67,Female,Estância Velha
517,Keefer Sebire,48,Male,Sasovo
518,Terrell MacLachlan,62,Male,Masaguisi
519,Bronson Gemmill,26,Male,Voronkov
520,Bill Hazzard,72,Female,Dongtundu
521,Timmy Ruilton,53,Male,Huangdao
522,Saundra Milhench,74,Male,Hebi
523,Basia Jillett,31,Female,Tchoban Bey
524,Ambrose Forbes,38,Male,Chuarrancho
525,Marlie Morrant,28,Female,Gagnoa
526,Adham Vize,59,Male,Gunung
527,Dominick Clarycott,47,Male,Totolan
528,Jasmine Daelman,66,Female,San Lorenzo
529,Melinde Joannidi,48,Female,Jorochito
530,Alfred Baggally,69,Male,Concepción del Bermejo
531,Davine Bilovus,73,Female,Sidu
532,Katleen Hotton,74,Female,Babakan
533,Derrik Balmforth,28,Male,Gafargaon
534,Reade Killford,38,Male,Marinilla
535,Sharron Worsfield,67,Female,Noebana
536,Gareth Boots,42,Male,Karangkedawung
537,Wald Earney,18,Male,Maiduguri
538,Hercule Teale,52,Male,Bejucal
539,Saxe Da Costa,17,Male,Luisiana
540,Ximenez Bernard,36,Male,Bebedahan
541,Jacques Dalby,64,Male,Huidong
542,Ezequiel Yousef,15,Male,Bulod
543,Guenna Bodsworth,56,Female,Ko Samui
544,Tedra Tamsett,33,Female,Guxi
545,Peta Edward,72,Female,Widuchowa
546,Ailsun Sheldon,64,Female,Novogurovskiy
547,Archie Cheves,31,Male,Emiliano Zapata
548,Marco Python,21,Male,Dongyangzhen
549,Susann Delooze,64,Female,L'viv
550,Janeczka Fairbourn,46,Female,Chimtāl
551,Killie Johnigan,46,Male,Chełmża
552,Miltie Spikeings,37,Male,Dazaifu
553,Kacy Benneyworth,54,Female,Las Heras
554,Elisabet Stenbridge,73,Female,Jiuquan
555,Vanni Caraher,20,Female,Longnawang
556,Hastings Raveau,37,Male,Datuan
557,Aleksandr Magnar,74,Male,Salavat
558,Tait Landor,47,Male,Ręczno
559,Jeffy Dober,69,Male,Malahide
560,Sergeant Syne,32,Male,Wenshui
561,Melly Riddington,55,Female,Tengqiao
562,Cleon Paulusch,30,Male,Nangkaruka
563,Agustin Caret,62,Male,Sukasari
564,Codi Barosch,39,Female,Liuhao
565,Rebbecca Lunt,61,Female,Fort Portal
566,Emiline Snaith,17,Female,Shuikou
567,Kylila Phillcox,32,Female,Barra de São Francisco
568,Chaddy Gibbin,75,Male,Campaka
569,Beth Goodhall,58,Female,Xinglongchang
570,Rebecka Williscroft,50,Female,Hato Mayor del Rey
571,Kipp Gulston,35,Female,Shifo
572,Patsy Crackel,36,Female,Cajamar
573,Valencia Cunnington,47,Female,Kefar Yona
574,Wally Jumont,19,Male,Blumenau
575,Melantha Adriani,42,Female,Slavgorod
576,Starlin Ulyet,30,Female,Northern Suburbs Mc
577,Barrie Bernon,63,Female,Saint-Étienne
578,Alia Gobeau,16,Female,San Jose
579,Standford Goodenough,28,Male,Miaoxi
580,Devinne Manuello,24,Female,Canturay
581,Nancy Olney,24,Female,Bomadi
582,Saxe Brothwell,69,Male,Pochep
583,Clark Briscoe,48,Male,Capalonga
584,Hedwiga Dockerty,48,Female,Umeå
585,Belia Brewis,46,Female,Kalej
586,Garvy Cheng,18,Male,Gesik
587,Fanchette Saunter,66,Female,Priupskiy
588,Gussi Cassley,52,Female,Strängnäs
589,Cheri Grzegorecki,43,Female,Ochota
590,Birgitta Ziems,43,Female,Khŭjand
591,Ramon Gallymore,41,Male,Albuquerque
592,Flori Karby,73,Female,Ketian
593,Yard Maberley,71,Male,Yamaguchi-shi
594,Karoly MacAllester,54,Female,Malabag
595,Barnard Curston,69,Male,Marmashen
596,Raul Epdell,38,Male,Henghe
597,Pansie Redfern,36,Female,Huangli
598,Romola Lowe,52,Female,Tsumeb
599,Nate Coatham,68,Male,Lubu
600,Riley Laxe,35,Male,Sut-Khol’
601,Woodrow D'Agostini,24,Male,Yashalta
602,Kaleena Fideler,51,Female,Goshogawara
603,Natka De Vuyst,18,Female,Tempe
604,Monique Leap,51,Female,Selaawi
605,Selig Force,38,Male,Palompon
606,Jo ann Farlowe,65,Female,Villa Florida
607,Ashbey Carletto,46,Male,Gostyń
608,Fedora Danev,36,Female,Cikeusal
609,Arleen Andreone,66,Female,Nagiba
610,Clevey Chuney,47,Male,Sudikampir
611,Wainwright Lantiff,62,Male,Banjar Sedang
612,Townsend Emilien,44,Male,Ansheng
613,Hinda Olifard,64,Female,Kilkís
614,Elliott Klimas,27,Male,Bhakkar
615,Cindelyn Smidmor,69,Female,La Valette-du-Var
616,Anthe Husset,25,Female,Kizil
617,Rafaelia Tweedell,17,Female,Kansas City
618,Lavinie Hellikes,15,Female,Housuo
619,Kelly Strete,16,Male,Rodionovo-Nesvetayskaya
620,Nestor Maunsell,17,Male,Krajan
621,Moore Nestoruk,53,Male,Gornyak
622,Rosalind Scrauniage,23,Female,Huanshi
623,Garry McCromley,54,Male,Longjing
624,Alicia Groveham,37,Female,Manique
625,Germain Phippin,23,Male,Moravský Beroun
626,Mathe Tuther,41,Male,Yerofey Pavlovich
627,Julieta Baldacco,29,Female,Horní Cerekev
628,Bess Filewood,62,Female,Älvdalen
629,Dominique Duddan,44,Male,Lapachito
630,Raeann Grubb,68,Female,Emmen
631,Fredek Rigg,26,Male,Orzu
632,Gaile Bech,45,Male,Berón de Astrada
633,Art Lyster,30,Male,New Haven
634,Burch Maypole,54,Male,Lete
635,Bram MacParlan,60,Male,Markala
636,Arte Brolly,63,Male,Xinyuan
637,Dawn Kelinge,72,Female,Horní Suchá
638,Baird Manuele,59,Male,Agago
639,Selestina Kulvear,71,Female,Kelodan
640,Wyndham Gillet,65,Male,Charlotte
641,Susana Kenward,29,Female,Yingta
642,Ber Czajka,63,Male,Hexi
643,Fleming Strickett,37,Male,Granville
644,Virgil Carlan,65,Male,Higuerote
645,Marlie Pryn,44,Female,Taesal-li
646,Tessie Shemmin,23,Female,Az Zawr
647,Turner O'Glassane,55,Male,Tonga
648,Anabel Rydeard,45,Female,Niono
649,Lonee Dairton,57,Female,Lagyná
650,Michel Andell,43,Male,Cholet
651,Portia Gainforth,64,Female,Villanueva
652,Caitrin Tipple,59,Female,Xin’e
653,Carmita Jakubowicz,17,Female,Liurenba
654,Agnella Heathcott,27,Female,Hat Yai
655,Dara McKelvie,66,Female,Qiandian
656,Burl Bousquet,47,Male,Garang
657,Elfrida Shewring,29,Female,Pridraga
658,Riccardo Devigne,35,Male,Ampahana
659,Jolee Nassau,20,Female,Qarqania
660,Shaughn Willder,67,Male,Voloka
661,Hunter Tomasian,48,Male,Karuk
662,Etti Gatecliff,53,Female,San Fernando
663,Rivalee Harroll,21,Female,Zruč nad Sázavou
664,Leroi Vedenichev,64,Male,Ceres
665,Fanni Dormer,50,Female,Podgornoye
666,Korney Wellings,35,Female,Tierra y Libertad
667,Janette Sharp,29,Female,Fushi
668,Kaylyn O'Connor,50,Female,Malandag
669,Gwendolin Boath,52,Female,Neyagawa
670,Jamey Boribal,53,Male,Sandefjord
671,Eimile Nuth,16,Female,Zhonghechang
672,Sissie Webb,65,Female,Kedungharjo
673,Maressa Gilardengo,61,Female,Połomia
674,Evita Fearns,25,Female,Sawahbaru
675,Alyosha Blackhall,35,Male,Žalec
676,Mac Braney,66,Male,Alor Star
677,Iolanthe Lilleyman,39,Female,Zeguo
678,Kaylee Brade,26,Female,Shah Alam
679,Lanie Corteney,31,Male,Miras
680,Dorothee Soloway,31,Female,Dubki
681,Skipper Aubery,67,Male,Peddie
682,Annice Drabble,46,Female,Chýnov
683,Pippo Oehme,34,Male,Kizhinga
684,Sophey Boreland,44,Female,Viçosa do Ceará
685,Joachim Bolstridge,16,Male,Stanowice
686,Evelin Lanston,46,Male,Ivyanyets
687,Katee Spohrmann,64,Female,Nandulehe
688,Hannie McKirdy,37,Female,La Luz
689,Lawry Fuggle,24,Male,Silver Spring
690,Melba Geale,32,Female,Zalantun
691,Rachele Sansom,51,Female,Houston
692,Melesa Apthorpe,37,Female,Bergen
693,Norina Carnall,25,Female,Kaliro
694,Felicia Hallgarth,29,Female,Nancy
695,Claiborn Northen,45,Male,Zheleznogorsk
696,Olympie Norbury,46,Female,Bāmyān
697,Sibyl Pringer,34,Female,Xiantang
698,Ilsa Teresi,40,Female,Petite Rivière de Nippes
699,Waldon Snozzwell,72,Male,Koukkuniemi
700,Hadria Doumenc,32,Female,Buan
701,Klara Dunkley,39,Female,Donskoy
702,Natale Brittlebank,40,Male,Avanca
703,Doy Barrand,73,Male,Shinshiro
704,Dall Piddick,50,Male,Scranton
705,Allan Witling,51,Male,San José
706,Keslie Breedy,54,Female,Yisa
707,Liz Dilston,21,Female,Ngaruawahia
708,Lyda Giacopello,45,Female,Chapadinha
709,Marion Twigg,18,Male,Sîngerei
710,Veronika Abrahmson,48,Female,Bugarama
711,Dana Pietranek,37,Female,Xi’an
712,Elane Zamora,42,Female,Akebielidou
713,Dniren Di Roberto,60,Female,Pital
714,Hadlee Quinsee,66,Male,Kangping
715,Kamila Baggarley,60,Female,Río Pico
716,Neils Mitkcov,40,Male,Pavlogradka
717,Olia Boothman,54,Female,Bogovarovo
718,Leif Wisker,70,Male,Spas-Klepiki
719,Kane Lippitt,62,Male,Baitang
720,Rodolfo Linthead,58,Male,Ecroignard
721,Bronny Kelby,39,Male,Zheleznodorozhnyy
722,Ives Shenton,68,Male,Novonikol’sk
723,Buffy Kent,57,Female,Partenit
724,Elijah Smogur,15,Male,Meiyuan
725,Brunhilde Gillice,62,Female,Périgny
726,Charley Wheaton,29,Male,Xichang
727,Terry Kinsell,53,Male,Sidi Lamine
728,Christophorus Pee,25,Male,Västra Frölunda
729,Tommy Casey,61,Female,Ketang
730,Sumner Lambie,15,Male,Kambove
731,Ashbey Pickworth,53,Male,Nakkila
732,Beaufort McMurray,48,Male,Baoxu
733,Hyacinth Battin,24,Female,Igreja
734,Skylar Buston,39,Male,Utkivka
735,Gerik Dimnage,52,Male,Suzuka
736,Bearnard Dubble,70,Male,Rokietnica
737,Elie Nightingale,70,Female,Bazha
738,Decca Claypole,53,Male,Dawu Chengguanzhen
739,Cleve Slucock,72,Male,Gardinovci
740,Annabela Ibarra,28,Female,Shuanggang
741,Ariela Greatbatch,74,Female,Maunuri
742,Meade Kliche,48,Male,Springfield
743,Lenore Purver,73,Female,Jedung
744,Hugibert De Giovanni,23,Male,Brive-la-Gaillarde
745,Taffy Le Fevre,61,Female,Hanna
746,Arlene Archer,58,Female,Wushi
747,Raul Sanches,41,Male,Goričan
748,Caz Axelbey,21,Male,Alvand
749,Miller Mileham,72,Male,Malikisi
750,Weider Barday,49,Male,Krivodanovka
751,Debora Dicks,23,Female,Volot
752,Clarisse Vines,60,Female,Annecy
753,Bree Pleat,21,Female,Ḩājjīābād
754,Allayne Norcross,75,Male,Kuršumlija
755,Judas Choffin,62,Male,Panitan
756,Avril Braikenridge,25,Female,Mattawa
757,Melanie Fleischer,60,Female,Fatikchari
758,Ardyce Callington,15,Female,Krasnovishersk
759,Anallese Fairs,15,Female,Seren Barat
760,Kliment Marton,34,Male,Ebu
761,Jarid Rivers,32,Male,Pedreira
762,Standford Duncanson,36,Male,Kamimaruko
763,Shirlene Pampling,47,Female,Tanahmerah
764,Zacharias Foad,33,Male,Rengo
765,Thorn McVeagh,60,Male,Dogarmo
766,Sally Yetts,70,Female,Huangwei
767,Marie-jeanne Pierson,52,Female,Mawlamyine
768,Calla Pilcher,47,Female,Arroyo Seco
769,Kissie Keech,53,Female,Sintra
770,Jaclin McGragh,72,Female,Malbork
771,Elmira Morson,50,Female,Brumadinho
772,Tiffie Amner,57,Female,Chak
773,Harper Wennington,53,Male,Qal‘ah-ye Kūf
774,Josephine Mechan,63,Female,Des Moines
775,Thorny Barnett,32,Male,Tokarnia
776,Nydia Hynam,31,Female,Casais
777,Guthrie O'Regan,56,Male,Zoushi
778,Beverly Mathely,61,Female,Nejo
779,Maxine Deetlof,49,Female,Changshengqiao
780,Hebert Rubertis,51,Male,Issad
781,Caresa Dudin,15,Female,Godziszów Pierwszy
782,Portie Joscelin,62,Male,Filipowice
783,Hildy Hazart,75,Female,Łapczyca
784,Loretta Amor,74,Female,Yinhe
785,Clem Krelle,15,Male,Hammarö
786,Isak Roche,59,Male,Malesína
787,Brooks Giacobo,31,Female,Íasmos
788,Fairfax Purdey,27,Male,Nglojo
789,Hube Faustian,65,Male,Bečej
790,Zola Phette,28,Female,Golek
791,Joanne Rickhuss,24,Female,Tamanan
792,Louisa Bwy,62,Female,Tocha
793,Giustino O'Lennane,55,Male,Oropesa
794,Jackson Di Iorio,24,Male,Lanyang
795,Foster MacIlriach,37,Male,Badāmā
796,Fleurette Danigel,31,Female,Longquan
797,Yulma Thom,63,Male,Beylagan
798,Linoel Phateplace,64,Male,Wumahe
799,Ole Chattey,45,Male,Gryfino
800,Clayson Hollyland,38,Male,Nikhom Kham Soi
801,Wildon Baldoni,23,Male,Layo
802,Caz Whissell,70,Male,Blois
803,Gayel Rubinowitz,70,Female,Halden
804,Jannelle Dryden,24,Female,Borlänge
805,Kailey Oak,20,Female,Campos Novos
806,Arlyn Rubee,30,Female,Jiangtun
807,Eleanore Abys,30,Female,Somerset East
808,Sela Cansdall,26,Female,Ilioúpoli
809,Lucais Koeppe,55,Male,Biała
810,Warren Baudin,53,Male,Amagasaki
811,Gerhardt Scraney,62,Male,Rabak
812,Aili Earlam,30,Female,El Asintal
813,Dunc Scanlin,54,Male,Zerok-Alakadari
814,Joanie Dimbylow,39,Female,Ash Sharyah
815,Hale Boshere,37,Male,Vila Chã
816,Roddie Yurevich,41,Male,Guruyan
817,Stephen Grishaev,15,Male,Kungsbacka
818,Riannon McLenahan,21,Female,Villefontaine
819,Francis Izzard,31,Male,Jinguoping
820,Robb Meadowcraft,74,Male,Alannay
821,Salvatore Pammenter,30,Male,Villa Gesell
822,Ira Lynam,54,Female,Poretskoye
823,Venita Abramcik,65,Female,Gornorechenskiy
824,Ula Brauns,60,Female,Jiquilillo
825,Jaclyn Dunthorn,32,Female,Dayton
826,Erik Dutnall,63,Male,Maloco
827,Gayel Gude,61,Female,Kolodenka
828,Katina Duncklee,75,Female,Sukoanyar
829,Rubetta Niche,57,Female,Melbourne
830,Reg Causton,72,Male,Liangshan
831,Leena Devons,45,Female,Cetinje
832,Val McAteer,61,Male,Aībak
833,Ernestus Kalisch,56,Male,Yimamu
834,Timmi Margery,28,Female,Kaustinen
835,Chelsea Goodrick,53,Female,Galveias
836,Rori Rebert,72,Female,Shu
837,Eydie Theobald,40,Female,Wudui
838,Berry Demsey,50,Female,La Loma
839,Maisie Lusted,53,Female,Loum
840,Jorgan Dayce,29,Male,Åhus
841,Audrie Shrieves,56,Female,Gelsenkirchen
842,Flinn Trembley,72,Male,Castanheira de Pêra
843,Meir Dwine,27,Male,Sebewe
844,Mace Elsip,34,Male,Boulogne-sur-Mer
845,Georas Thexton,25,Male,Bella Vista
846,Jobie Darlington,44,Female,Van Nuys
847,Iggy Ethersey,24,Male,Stepove
848,Erastus Ceeley,32,Male,Maoya
849,Dukey Belbin,44,Male,Kanáli
850,Ardelis Schimoni,34,Female,Lebyazh’ye
851,Barbette Gniewosz,18,Female,Cheongju-si
852,Griselda Ubsdall,58,Female,Jīma
853,Camella Harp,39,Female,Manamrag
854,Blayne Kilfoyle,47,Male,Pendawanbaru
855,Tressa Parradice,30,Female,Wuxi
856,Dorry Marfell,28,Female,Rybnoye
857,Leeann Aberdalgy,37,Female,Paseyan
858,Basilius Marriot,51,Male,Al Ghāriyah
859,Vernor Hugo,31,Male,Darvi
860,Lyndsay De Ortega,51,Female,Macedo de Cavaleiros
861,Johannes Eagling,62,Male,Jianxin
862,Charlot Dowthwaite,54,Female,Jurh
863,Jerrilee Giacomi,21,Female,Tatebal
864,Nowell Chrestien,75,Male,Gelemso
865,Agatha Egell,23,Female,Hamburg
866,Bealle Cappineer,31,Male,Kose
867,Gav Critcher,24,Male,Shnogh
868,Kalvin Rickerby,74,Male,Al Ḩajar al Aswad
869,Kristina Kelner,73,Female,Newport News
870,Baryram Crunkhorn,30,Male,Akhtarīn
871,Tull Spittall,37,Male,Sadang Kulon
872,Michel Straun,66,Female,Nelson
873,Rosella Eddins,57,Female,Toki
874,Dewey Eve,65,Male,Lindi
875,Teresita Glanert,37,Female,Andongsari
876,Barnabas Badham,66,Male,Cisoka
877,Aggy McLagan,62,Female,Niort
878,Charlton Sieghart,72,Male,Živinice
879,Ode Pears,48,Male,Paços de Ferreira
880,Nichols MacMeeking,66,Male,Huaraz
881,Robbin Danes,65,Female,Severobaykal’sk
882,Sukey Paty,30,Female,Puerto Parra
883,Junia Seeking,55,Female,Kimito
884,Wernher Sines,59,Male,Quimbaya
885,Hanni Wankling,53,Female,San
886,Donall Deboy,63,Male,Tak Bai
887,Wini Whitefoot,62,Female,Kokubunji
888,Lovell Panther,62,Male,Constantia
889,Lu Cridlan,21,Female,Villazón
890,Delly Bonevant,20,Female,Luo’ao
891,Bat Ridding,50,Male,Kanggye-si
892,Tait Simecek,54,Male,Rifu
893,Sharai Firbanks,18,Female,Guizi
894,Gretel Cawdery,19,Female,Kuasha
895,Tobie O'Doran,47,Male,Hubei
896,Cinda Lavell,28,Female,Egvekinot
897,Othelia Blazejewski,15,Female,Kurmuk
898,Delmore Cadogan,30,Male,Wuduhe
899,Kenton Brandt,29,Male,Langchuan
900,Joanie Abercrombie,16,Female,Lazaro Cardenas
901,Rossie Blaskett,25,Male,Cacoal
902,Vita Spellessy,72,Female,Bogatynia
903,Algernon Bramah,24,Male,Choisy-le-Roi
904,Allissa Bonaire,18,Female,Hilotongan
905,Clayborne Gulk,57,Male,Doblas
906,Malvin Bickerstaff,20,Male,Muara Siberut
907,Bradly Oneill,15,Male,Mutum Biyu
908,Lorant De Vere,73,Male,Kōfu-shi
909,Jasmina Wakefield,24,Female,Tehetu
910,Eugenio Loney,15,Male,Xincun
911,Myrle Spray,73,Female,Haduohe
912,Hershel Brett,26,Male,Wuyang
913,Avigdor Absolon,63,Male,Bambor
914,Cyrille Sidebotham,62,Male,Bridel
915,Brena Dudgeon,39,Female,Otlja
916,Wynnie Benediktsson,60,Female,Wiśniewo
917,Ermina Ranyard,25,Female,Santo Niño
918,Maris Gourlay,21,Female,Weihai
919,Bradney Fallawe,46,Male,Arras
920,Mordy Pavkovic,21,Male,Romilly-sur-Seine
921,Rosette Mallatratt,53,Female,Nong Khai
922,Derrek Watterson,29,Male,Nazran’
923,Adah Antham,32,Female,Yanmen
924,Ethe O'Neil,44,Male,Isak
925,Maryanne Chicco,41,Female,Konice
926,Mercy Jessop,40,Female,Giesteira
927,Sharron Neylon,74,Female,Vicente Guerrero
928,Twila Overstall,73,Female,Kuripan
929,Elwin Korpolak,59,Male,Adare
930,Emmy Sieve,72,Female,Hanamaki
931,Marline Silcox,32,Female,Viline
932,Boyce Freeberne,68,Male,Bandarbeyla
933,Mason Straniero,41,Male,Port-au-Prince
934,Rivalee Martonfi,49,Female,Slovenska Bistrica
935,Guglielmo Overstreet,42,Male,Třebíč
936,Stella Orrey,57,Female,Caluire-et-Cuire
937,Salaidh Daviddi,46,Female,Rondonópolis
938,Kiah Lisamore,62,Female,Lille
939,Albina Savil,64,Female,La Loma
940,Lil Menat,47,Female,Hudiksvall
941,Lanae Nagle,63,Female,Toledo
942,Curtice Rawet,35,Male,Villanueva
943,Rosita Cheer,26,Female,Irtyshskiy
944,Lesli Brooksby,62,Female,Bukabu
945,Auguste Orrum,19,Female,Kokkini Trimithia
946,Roberta Kyngdon,57,Female,Veracruz
947,Geoffrey Deniso,68,Male,Narukan
948,Kikelia Lacroutz,53,Female,Chichinales
949,Nerti Biggs,37,Female,Korobitsyno
950,Wenda Frowing,64,Female,Collingwood
951,Bret Jados,52,Male,Zhangtan
952,Alphard Lowater,59,Male,Kamennogorsk
953,Nelie Ahrendsen,35,Female,Ciburial
954,Sharla Champneys,55,Female,Kakamega
955,Tandi Wrightim,75,Female,Yāsūf
956,Bartlett MacLeese,71,Male,Miðvágur
957,Ricoriki Wernham,45,Male,Rîşcani
958,Antony Everit,24,Male,Kikinda
959,Melisa Elwel,29,Female,Ya‘bad
960,Noella Oxton,56,Female,Youdian
961,Carlin Towsie,68,Female,Sendang
962,Frans Attack,57,Male,Cileunyi
963,Karen Overington,56,Female,Marintoc
964,Alan Drohan,19,Male,Huangdimiao
965,Binky Severwright,21,Male,Eišiškės
966,Berthe Merrywether,71,Female,Zhize
967,Gawain Cervantes,60,Male,Bekondo
968,Kelci Olenichev,71,Female,København
969,Koralle McMurraya,37,Female,Cipanas
970,Natale Goard,45,Male,Bilajari
971,Addie Nehl,33,Male,Pato Branco
972,Sari Edmands,37,Female,Henglishan
973,Samson Click,49,Male,Luozhou
974,Melesa Tuxill,19,Female,Nasavrky
975,Liana Hoogendorp,72,Female,Seattle
976,Perry Emney,67,Female,San Marcos
977,Bobbi Leeman,50,Female,Changliang
978,Irma McCarlich,15,Female,Salyan
979,Jackie Willett,47,Male,Maribong
980,Isidor Novis,57,Male,Arjona
981,Chaim Hardwick,55,Male,Queluz de Baixo
982,Odessa Ragles,29,Female,Isehara
983,Sterne Solomon,39,Male,Samanggen
984,Ozzy Firsby,68,Male,Yangirabot
985,Konstantin Staggs,39,Male,Zalanga
986,Meade Bexon,56,Male,Envira
987,Herminia Scarlon,27,Female,Józefów
988,Dan Duxbarry,17,Male,Hoani
989,Xaviera Tommei,71,Female,Suwaru
990,Enoch Monteaux,49,Male,Cipanjang
991,Hilliard Havile,15,Male,Sōka
992,Agnella Mitchelhill,53,Female,Riebiņi
993,Sergeant Gery,61,Male,Glamoč
994,Wye Blackmuir,17,Male,Tubod
995,Isidor Sketcher,23,Male,Babah Rot
996,Lanna Boken,64,Female,Longshi
997,Sephira Skeldinge,47,Female,Mikulovice
998,Rad Pitrollo,22,Male,Gungguh
999,Jaye Alvy,69,Male,Had Kourt
1000,Candi Sorensen,48,Female,Kuala Lumpur
